,plr_nr,plr_name,plz
0,4400728,Hagenplatz,14193
1,1100206,Unter den Linden,10117
2,7400824,Bosepark,12103
3,11200513,Große-Leege-Straße,13055
4,3601245,Ostseestraße,10409
5,3701660,Bötzowstraße,10407
6,11300722,Rathaus Lichtenberg,10367
7,7601442,Kettinger Straße,12305
8,2500835,Stralauer Kiez,10245
9,12200309,Scharnweberstraße,13405
10,7200409,Belziger Straße,10823
11,4200203,Olympiagelände,14053
12,3701657,Thälmannpark,10405
14,8200624,Tempelhofer Weg,12347
15,9301025,Alt-Bohnsdorf,12526
16,11300620,Fennpfuhl Ost,10367
17,6100101,Fichtenberg,12165
18,1100308,Charitéviertel,10115
19,1300836,Humboldthain Nordwest,13347
20,9501736,Hirschgarten,12587
22,5100315,Ackerstraße,13585
23,2400624,Weberwiese,10243
24,2400625,Wriezener Bahnhof,10243
25,1100102,Großer Tiergarten,10557
26,3701554,Teutoburger Platz,10119
27,9501737,Alt-Friedrichshagen,12587
28,1200521,Zwinglistraße,10555
29,7100205,Alvenslebenstraße,10783
30,1100207,Leipziger Straße,10178
32,7601547,Horstwalder Straße,12307
34,2500834,Revaler Straße,10245
35,8100415,Ganghoferstraße,12043
36,6400737,Nikolassee,14129
37,2500831,Wismarplatz,10247
38,5200633,Graetschelsteig,13593
39,10100205,Gewerbegebiet Bitterfelder Straße,12681
40,9200819,Köllnische Vorstadt,12557
41,12500927,Wittenau Nord,13437
42,1100416,Arkonaplatz,10119
43,1100309,Oranienburger Straße,10119
44,4300623,Karl-August-Platz,10627
46,6400838,Krumme Lanke,14169
47,4501045,Schaperstraße,10789
48,3200206,Pastor-Niemöller-Platz,13156
49,3300412,Karow Bahnhof,13125
50,3701556,Kollwitzplatz,10435
51,3601244,Humannplatz,10439
52,6400838,Krumme Lanke,14129
53,3601243,Rodenbergstraße,10439
55,6100205,Südende,12167
56,9301227,Karolinenhof,12527
58,10400938,Mahlsdorf Nord,12623
59,6300634,Lichterfelde West,12205
60,1401046,Nordufer,13353
61,8100104,Wartheplatz,12051
62,9200717,Dörpfeldstraße Ost,12489
63,10100103,Wittenberger Straße,12689
64,2100104,Moritzplatz,10969
65,1100310,Alexanderplatzviertel,10178
66,4200206,Kranzallee,14055
67,3200207,Herthaplatz,13156
68,4500937,Halensee,10711
69,1200519,Emdener Straße,10551
71,11400929,Weitlingkiez,10317
72,2500832,Traveplatz,10245
73,3300411,Karow Nord,13125
75,7300515,Taunusstraße,12161
76,6400843,Thielallee,14195
78,1100102,Großer Tiergarten,10785
79,8100418,Hertzbergplatz,12059
81,4400833,Schlangenbader Straße,14197
82,12200412,Waldidyll/Flughafensee,13509
85,5200420,Staakener Straße,13581
86,4501148,Brabanter Platz,10713
87,4501147,Leon-Jessel-Platz,10713
88,2500729,Pettenkofer Straße,10247
92,12400723,Hermsdorf Ost/Waldsee,13467
93,11300725,Nibelungenviertel,10365
94,6400839,Fischerhüttenstraße,14163
95,1401048,Leopoldplatz,13347
96,1100101,Stülerstraße,10787
97,4400727,Flinsberger Platz,14199
98,12200515,Alt-Tegel,13507
99,7400720,Gontermannstraße,12101
100,4501040,Hindemithplatz,10629
101,1100207,Leipziger Straße,10117
102,11401032,Rosenfelder Ring,10317
103,4200207,Eichkamp,14055
104,4400831,Messelpark,14199
105,11501340,Karlshorst Nord,10318
106,1100311,Karl-Marx-Allee,10179
107,1401047,Sparrplatz,13353
109,8401245,Frauenviertel,12355
110,3500936,Komponistenviertel Weißensee,13088
112,9200715,Wista,12489
114,3601140,Malmöer Straße,10439
115,7300517,Perelsplatz,12159
116,1100415,Invalidenstraße,10115
117,8100208,Körnerpark,12051
120,8100417,Braunschweiger Straße,12055
122,8300935,Gropiusstadt Süd-West,12353
123,9501940,Güterbahnhof Köpenick,12555
125,3400826,Tiroler Viertel,13189
126,10200629,Teterower Ring,12619
127,10200421,Helle Mitte,12627
129,10300731,Oberfeldstraße,12683
130,10300734,Biesdorf Süd,12683
133,10400940,Elsensee,12623
134,8100209,Glasower Straße,12051
136,12400722,Hermsdorf West,13467
138,12500930,Wittenau Süd,13437
139,7100102,Kalckreuthstraße,10781
140,9100407,Johannisthal West,12487
141,3200309,Eddastraße,13127
142,2300419,Wrangelkiez,10997
146,2100106,Wassertorplatz,10999
148,7601546,Franziusweg,12307
149,1400938,Kameruner Straße,13353
150,4300415,Lietzensee,14057
152,1401049,Schulstraße,13347
154,7601545,Nahariyastraße,12309
155,2400623,Andreasviertel,10243
156,2200213,Graefekiez Nord,10967
158,6300629,Botanischer Garten,12203
159,1100312,Heine-Viertel West,10179
162,9100408,Johannisthal Ost,12487
164,3200310,Krugpfuhl,13127
166,5300841,Siemensdamm,13629
167,12100205,Teichstraße,13407
168,5100314,Kurstraße,13585
169,1300836,Humboldthain Nordwest,13353
170,7400826,Marienhöhe,12105
171,1401047,Sparrplatz,13347
172,12100101,Letteplatz,13409
175,10400836,Alt-Kaulsdorf,12621
176,9200716,Dörpfeldstraße West,12489
177,10400835,Kaulsdorf Nord,12621
179,4501042,Breitscheidplatz,10789
181,10200525,Schleipfuhl,12627
182,9401534,Altstadt Köpenick,12555
183,12200413,Tegel Süd,13507
185,3601141,Arnimplatz,10439
186,7400825,Friedrich-Karl-Straße,12103
187,4500936,Droysenstraße,10629
189,4300621,Richard-Wagner-Straße,10627
192,6300633,Augustaplatz,12203
193,1300834,Brunnenstraße,13357
195,7501029,Ringstraße,12105
198,5200630,Wilhelmstadt West,13595
199,4200310,Fürstenplatz,14055
200,6300528,Teltower Damm,14165
201,1100206,Unter den Linden,10178
202,4501153,Babelsberger Straße,10715
204,7400927,Rathaus Tempelhof,12099
206,10100210,Marzahner Promenade,12679
208,2500728,Samariterviertel,10247
210,6400844,Dahlem,14195
211,10300732,Buckower Ring,12683
212,6100102,Schloßstraße,12165
215,10400941,Pilgramer Straße,12623
216,9300920,Dorf Altglienicke,12524
217,2200212,Graefekiez Süd,10967
218,6200422,Oberhofer Platz,12209
220,6400737,Nikolassee,14193
221,1300836,Humboldthain Nordwest,13357
226,6100209,Feuerbachstraße,12163
227,2100101,Askanischer Platz,10963
229,11200512,Orankesee,13053
230,6300632,Schweizer Viertel,14167
232,7200413,Cheruskerstraße,10829
234,1200623,Stephankiez,10559
235,3400724,Wolfshagener Straße,13187
236,1100205,Wilhelmstraße,10117
237,5100316,Carl-Schurz-Straße,13597
238,2300314,Oranienplatz,10999
239,3300516,Heinersdorf,13089
240,6400838,Krumme Lanke,14163
241,6400735,Wannsee,14109
242,4300623,Karl-August-Platz,10625
246,3400826,Tiroler Viertel,13187
247,10200422,Hellersdorfer Promenade,12627
248,3701660,Bötzowstraße,10405
253,2500833,Boxhagener Platz,10245
254,11501238,Rummelsburg,10317
255,7200308,Volkspark (Rudolph-Wilde-Park),10825
256,6100207,Mittelstraße,12165
257,4100102,Paul-Hertz-Siedlung,13627
259,8100521,Schulenburgpark,12057
260,5100105,Amorbacher Weg,13585
261,12400616,Konradshöhe/Tegelort,13505
263,1200629,Hansaviertel,10557
267,4501147,Leon-Jessel-Platz,10717
269,3701556,Kollwitzplatz,10405
272,12500928,Waidmannslust,13469
275,3501037,Rathaus Weißensee,13088
276,4501045,Schaperstraße,10777
277,2500727,Forckenbeckplatz,10247
278,2300316,Köpenicker Straße,10997
281,6200313,Lankwitz Kirche,12247
282,6300526,Zehlendorf Mitte,14163
283,6100102,Schloßstraße,12163
284,5200631,Wilhelmstadt Ost,13581
286,5100209,Westerwaldstraße,13583
290,10200423,Böhlener Straße,12627
291,8100206,Flughafenstraße,12043
293,4501042,Breitscheidplatz,10719
295,8100206,Flughafenstraße,12053
298,5400943,Jägerallee,14089
300,7601544,John-Locke-Straße,12307
303,10100209,Lea-Grundig-Straße,12687
306,9300921,Preußen Siedlung,12524
308,6200315,Gallwitzallee,12249
309,5200418,Isenburger Weg,13591
313,1100311,Karl-Marx-Allee,10178
314,7601443,Töpchiner Weg,12305
321,10100316,Landsberger Tor,12685
325,9401635,Müggelheim,12559
333,1200624,Heidestraße,10557
341,9100101,Alt-Treptow,12435
348,5100103,Mertensstraße,13587
349,11400930,Zachertstraße,10315
350,10100209,Lea-Grundig-Straße,12679
353,7501134,Hundsteinweg,12109
354,8401244,Waßmannsdorfer Chaussee,12355
355,3400620,Schönholz,13158
357,9501838,Rahnsdorf,12589
358,5400944,Kladower Damm,14089
361,10100311,Marzahner Chaussee,12681
362,1100309,Oranienburger Straße,10117
371,10200524,Adele-Sandrock-Straße,12627
372,2100102,Mehringplatz,10969
376,1300834,Brunnenstraße,13355
382,10300733,Alt-Biesdorf,12683
389,10100313,Alt-Marzahn,12681
392,1100103,Lützowstraße,10785
393,9301126,Grünau,12527
403,9100306,Späthsfelde,12437
404,3200205,Uhlandstraße,13158
411,4300518,Kaiserin-Augusta-Allee,10589
422,5200524,Döberitzer Weg,13591
424,8100314,Donaustraße,12043
425,8401243,Alt-Rudow,12355
429,8401242,Zittauer Straße,12355
430,2200207,Gleisdreieck,10785
436,9300923,Kölner Viertel,12524
439,3500935,Behaimstraße,13086
455,9200613,Bahnhof Schöneweide,12439
460,2400521,Friedenstraße,10249
472,11200411,Hauptstraße,13053
475,11200515,Weiße Taube,13053
478,12400618,Heiligensee Nord,13503
482,10200418,Kyritzer Straße,12629
485,9401329,Kietzer Feld/Nachtheide,12557
510,3100101,Bucher Forst,13125
511,7100204,Barbarossaplatz,10781
517,3300514,Blankenburg,13129
535,3200205,Uhlandstraße,13156
544,2400522,Richard-Sorge-Viertel,10249
558,9100304,Baumschulenweg West,12437
590,7501032,Imbrosweg,12109
597,10400837,Kaulsdorf Süd,12621
598,7501134,Hundsteinweg,12107
605,12601133,Treuenbrietzener Straße,13439
611,3200308,Nisbléstraße,13127
633,1200517,Huttenkiez,10559
660,12601134,Märkisches Zentrum,13435
684,3601142,Falkplatz,10437
692,9200511,Griechischer Park,12459
712,11200410,Malchower Weg,13053
725,10200627,Am Kienberg,12619
751,4500938,Hochmeisterplatz,10709
760,11200411,Hauptstraße,13055
763,7601548,Wittelsbacherstraße,12309
765,9200512,Wuhlheide,12459
776,3400618,Rosenthal,13158
779,7400822,Lindenhofsiedlung,12105
787,3400619,Wilhelmsruh,13158
788,7100102,Kalckreuthstraße,10787
815,5300735,Haveleck,13599
829,2500830,Niederbarnimstraße,10247
872,1100313,Heine-Viertel Ost,10179
896,11401135,Dolgenseestraße,10319
898,8200729,Britzer Garten,12349
906,3601450,Volkspark Prenzlauer Berg,10407
919,6200420,Lichterfelde Süd,12207
922,9301024,Falkenberg,12524
939,7100103,Frobenstraße,10783
1018,12500825,Borsigwalde,13509
1040,8200833,Buckow Ost,12353
1057,3701554,Teutoburger Platz,10435
1069,3601348,Senefelderstraße,10437
1073,2500832,Traveplatz,10247
1089,2200207,Gleisdreieck,10965
1104,12400617,Alt-Heiligensee,13503
1106,9401329,Kietzer Feld/Nachtheide,12559
1124,3400725,Schlosspark,13156
1144,9200510,Helmholtz-Kiez,12459
1150,4500938,Hochmeisterplatz,10711
1178,4501041,George-Grosz-Platz,10707
1184,9301024,Falkenberg,12526
1225,7200414,Hohenfriedbergstraße,10965
1234,12500930,Wittenau Süd,13407
1246,11300616,Hohenschönhauser Straße,10369
1269,8401241,Blumenviertel,12357
1279,11400929,Weitlingkiez,10315
1290,12500824,Ziekowstraße/Freie Scholle,13509
1291,8100105,Silbersteinstraße,12099
1292,10100102,Rosenbecker Straße,12689
1294,10100207,Ahrensfelder Berge,12679
1300,11400928,Nöldnerplatz,10317
1301,11100101,Dörfer Malchow-Wartenberg,13051
1306,3200207,Herthaplatz,13158
1309,8100105,Silbersteinstraße,12051
1310,3400829,Arnold-Zweig-Straße,13189
1312,11200514,Landsberger Allee,13055
1314,10200526,Boulevard Kastanienallee,12619
1316,9301228,Schmöckwitz/Rauchfangswerder,12527
1317,5100207,An der Tränke,13591
1318,6200312,Komponistenviertel Lankwitz,12247
1320,6300632,Schweizer Viertel,12205
1327,5300736,Zitadellenweg,13599
1329,6400841,Zehlendorf Eiche,14169
1330,7501133,Fritz-Werner-Straße,12107
1332,5200420,Staakener Straße,13591
1333,12500929,Lübars,13469
1335,6300631,Goerzwerke,14167
1337,1100308,Charitéviertel,10117
1342,11300721,Herzbergstraße,10315
1354,1100416,Arkonaplatz,10115
1357,1100310,Alexanderplatzviertel,10179
1360,6300630,Hindenburgdamm,12207
1371,8301036,Gropiusstadt Mitte,12353
1372,8100101,Hasenheide,10967
1378,8100520,Weiße Siedlung,12057
1386,3500934,Weißenseer Spitze,13086
1390,9200715,Wista,12487
1396,2500836,Stralauer Halbinsel,10245
1406,9502042,Mittelheide,12555
1408,10400939,Alt-Mahlsdorf,12623
1409,11100102,Dorf Falkenberg,13057
1411,5100317,Freiheit,13597
1412,3501037,Rathaus Weißensee,13086
1416,9100409,Landschaftspark Adlershof,12487
1419,8401246,Waltersdorfer Chaussee Ost,12355
1429,6200317,Lankwitz Süd,12249
1466,5100313,Eiswerder,13585
1468,3601142,Falkplatz,13355
1469,11300618,Storkower Bogen,10369
1480,7300619,Grazer Platz,12169
1483,3400830,Kissingenviertel,13189
1485,3100101,Bucher Forst,13127
1527,3400721,Florakiez,13187
1534,10100313,Alt-Marzahn,12685
1537,5100105,Amorbacher Weg,13589
1538,10200420,Gut Hellersdorf,12629
1539,3300413,Karow Ost,13125
1541,11100101,Dörfer Malchow-Wartenberg,13059
1569,7300618,Ceciliengärten,12159
1570,5100206,Griesingerstraße,13589
1592,11200410,Malchower Weg,13051
1603,9401330,Wendenschloß,12557
1662,12601236,Schorfheidestraße,13439
1665,6100206,Stadtpark,12167
1667,11200515,Weiße Taube,13055
1668,11401032,Rosenfelder Ring,10315
1704,4400729,Hundekehle,14193
1716,9100203,Plänterwald Ost,12437
1740,6100207,Mittelstraße,12167
1755,10400837,Kaulsdorf Süd,12623
1766,8100312,Weichselplatz,12045
1768,6200316,Belßstraße,12249
1781,7601339,Tirschenreuther Ring West,12279
1789,3500932,Bühringstraße,13086
1796,1100310,Alexanderplatzviertel,10119
1797,12100102,Hausotterplatz,13409
1826,5200629,Borkumer Straße,13581
1827,8100313,Bouchéstraße,12059
1833,6200421,Königsberger Straße,12207
1840,7601341,Diedersdorfer Weg,12277
1844,5100211,An der Kappe,13591
1868,3400725,Schlosspark,13127
1871,5100312,Eckschanze,13585
1905,7200307,Bayerischer Platz,10825
1930,12400721,Frohnau Ost,13465
1956,12200412,Waldidyll/Flughafensee,13405
1961,11401033,Gensinger Straße,10315
1973,7501032,Imbrosweg,12099
1993,3601347,Helmholtzplatz,10437
2008,1400937,Afrikanische Straße,13351
2020,5200634,Börnicker Straße,13595
2040,11401136,Volkradstraße,10319
2046,3500933,Weißer See,13086
2055,3501038,Hansastraße,13088
2056,3400722,Parkstraße,13156
2069,12400619,Heiligensee,13503
2128,4400830,Forckenbeckstraße,14199
2132,8100207,Rollberg,12053
2141,9100409,Landschaftspark Adlershof,12489
2167,7601237,Kirchstraße,12277
2197,9501939,Bahnhofstraße,12555
2223,9502043,Dammheide,12555
2254,9401534,Altstadt Köpenick,12557
2285,8100313,Bouchéstraße,12045
2304,7100206,Großgörschenstraße,10829
2305,5200421,Spandauer Straße,13591
2317,3601453,Alter Schlachthof,10247
2319,5100101,Hakenfelde Nord,13587
2322,2200207,Gleisdreieck,10963
2351,5100313,Eiswerder,13587
2354,2300418,Reichenberger Straße Ost,10999
2356,3601452,Velodrom,10407
2371,3400723,Garbátyplatz,13187
2391,2100103,Am Berlin Museum,10969
2401,4200204,Angerburger Allee,14055
2448,10100312,Springpfuhl,12683
2450,7601544,John-Locke-Straße,12305
2453,8200831,Buckow West,12349
2473,7601341,Diedersdorfer Weg,12307
2483,11400927,Victoriastadt,10317
2492,10200417,Zossener Straße,12629
2509,3200204,Blankenfelde,13159
2516,11300721,Herzbergstraße,10365
2518,2200211,Chamissokiez,10965
2519,3400722,Parkstraße,13187
2524,7601236,Marienfelder Allee Nordwest,12277
2526,7501030,Machonstraße,12105
2548,4500939,Eisenzahnstraße,10707
2570,1200522,Elberfelder Straße,10555
2583,5100211,An der Kappe,13583
2633,5200630,Wilhelmstadt West,13581
2647,2100105,Prinzenstraße,10969
2681,1300835,Humboldthain Süd,13355
2710,3601245,Ostseestraße,10405
2734,5200528,Weinmeisterhornweg,13593
2741,3100102,Klinikum Buch,13125
2748,11400931,Massower Straße,10315
2776,10100312,Springpfuhl,12681
2801,3300517,Märchenland,13088
2822,5200632,Tiefwerder,13597
2830,1401045,Schwedenstraße,13357
2838,4501146,Barstraße,10713
2862,12500930,Wittenau Süd,13403
2884,6200423,Schütte-Lanz-Straße,12209
2892,4501149,Nikolsburger Platz,10717
2900,8200725,Mohriner Allee Nord,12347
2926,8200622,Jahnstraße,12347
2938,10100315,Bärenstein,12685
2982,12400720,Frohnau West,13465
3015,5300839,Rohrdamm,13629
3090,3200207,Herthaplatz,13127
3112,11501339,Karlshorst West,10318
3149,6100205,Südende,12247
3185,8100416,Alt-Rixdorf,12043
3190,4200205,Flatowallee,14055
3201,3400828,Spiekermann Straße,13189
3212,11100204,Falkenberg West,13057
3242,10200630,Cecilienplatz,12619
3307,4501152,Prager Platz,10779
3314,2400520,Barnimkiez,10249
3323,1200629,Hansaviertel,10555
3329,1200625,Lübecker Straße,10551
3336,3601453,Alter Schlachthof,10249
3337,8100102,Schillerpromenade Nord,12049
3346,1401043,Antonstraße,13347
3352,5200631,Wilhelmstadt Ost,13595
3355,10100314,Auersbergstraße,12685
3363,4300620,Spreestadt,10623
3364,4300412,Schlossgarten,14059
3368,11100206,Wartenberg Nord,13059
3390,4100101,Jungfernheide/Plötzensee,13627
3391,5200525,Pillnitzer Weg,13591
3393,6300630,Hindenburgdamm,12203
3423,12200308,Meller Bogen,13403
3431,4300517,Tegeler Weg,10589
3433,1200625,Lübecker Straße,10559
3440,5400942,Alt-Gatow,14089
3459,11100308,Zingster Straße West,13051
3498,3601451,Anton-Saefkow-Park,10407
3500,5400945,Kafkastraße,14089
3536,8401139,Vogelviertel Süd,12351
3545,1100101,Stülerstraße,10785
3559,7100206,Großgörschenstraße,10965
3624,11100309,Mühlengrund,13053
3626,6400842,Hüttenweg,14195
3674,7501031,Eisenacher Straße,12109
3696,6300524,Berlepschstraße,14163
3715,9300922,Kosmos Viertel,12524
3733,8301037,Gropiusstadt Süd-Ost,12353
3734,7200412,Schöneberger Linse,10829
3753,3701658,Christburger Straße,10405
3878,3601346,Gethsemanekirche,10437
3919,1100414,Nordbahnhof,10115
3980,6400736,Düppel,14163
4055,4501152,Prager Platz,10717
4165,4300413,Klausenerplatz,14059
4184,1200518,Beusselkiez,10553
4233,9401432,Siedlung Kämmereiheide,12559
4276,5100208,Im Spektefeld,13589
4296,12500927,Wittenau Nord,13469
4322,7200410,Feurigstraße,10827
4343,1200628,Lüneburger Straße,10557
4377,5100104,Maselake,13587
4384,10100208,Bürgerpark,12679
4389,11300722,Rathaus Lichtenberg,10365
4428,8401140,Vogelviertel Nord,12351
4470,12100103,Breitkopfbecken,13409
4512,4300620,Spreestadt,10587
4526,11501341,Karlshorst Süd,10318
4527,2500836,Stralauer Halbinsel,10317
4540,11401137,Erieseering,10319
4546,5200419,Am Heideberg,13591
4590,12400617,Alt-Heiligensee,13505
4616,8200729,Britzer Garten,12347
4620,3500932,Bühringstraße,13089
4665,12500926,Wittenau Mitte,13437
4683,6300528,Teltower Damm,14167
4722,12200310,Klixstraße,13403
4742,8401243,Alt-Rudow,12357
4747,4501043,Preußenpark,10707
4790,1400942,Westliche Müllerstraße,13353
4791,6300524,Berlepschstraße,14165
4792,8200623,Park am Buschkrug,12359
4855,7601236,Marienfelder Allee Nordwest,12279
4864,10100311,Marzahner Chaussee,12683
4915,9200818,Spindlersfeld,12555
4960,6200315,Gallwitzallee,12209
5027,1200520,Bremer Straße,10551
5029,3300516,Heinersdorf,13088
5031,8100207,Rollberg,12043
5071,4200203,Olympiagelände,14052
5074,5300737,Gartenfelder Straße,13599
5142,4300624,Savignyplatz,10625
5149,4300416,Amtsgerichtsplatz,14057
5152,4300619,Alt-Lietzow,10587
5157,8100208,Körnerpark,12053
5169,3701659,Immanuelkirchstraße,10405
5292,6300527,Sundgauer Straße,14167
5369,2400624,Weberwiese,10245
5370,7300619,Grazer Platz,12157
5431,1200517,Huttenkiez,10553
5573,4501150,Wilhelmsaue,10715
5588,7601443,Töpchiner Weg,12309
5615,5200527,Maulbeerallee,13593
5639,4500939,Eisenzahnstraße,10709
5657,6400736,Düppel,14129
5662,8401140,Vogelviertel Nord,12359
5793,3601139,Norweger Viertel,10439
5815,9100306,Späthsfelde,12487
5842,11300721,Herzbergstraße,10367
5907,11300826,Frankfurter Allee Süd,10365
5949,10100316,Landsberger Tor,12679
5961,8401241,Blumenviertel,12351
5968,5200422,Werkstraße,13591
6084,7300619,Grazer Platz,10829
6106,7501135,Birnhornweg,12107
6107,3200204,Blankenfelde,13127
6122,2200210,Urbanstraße,10961
6123,3400619,Wilhelmsruh,13156
6175,2200208,Rathaus Yorckstraße,10963
6218,8200831,Buckow West,12305
6239,4400726,Bismarckallee,14193
6284,6300525,Zehlendorf Süd,14165
6287,7501029,Ringstraße,12107
6298,2300417,Reichenberger Straße West,10999
6324,2200209,Viktoriapark,10965
6333,4200308,Branitzer Platz,14050
6337,4501153,Babelsberger Straße,10825
6348,5100209,Westerwaldstraße,13589
6350,5200423,Magistratsweg,13591
6355,1401044,Uferstraße,13357
6483,7100101,Wittenbergplatz,10777
6492,7300619,Grazer Platz,10827
6503,5300840,Nonnendammallee,13599
6613,8100416,Alt-Rixdorf,12055
6618,7601238,Marienfelde Nordost,12277
6634,3400725,Schlosspark,13187
6655,2500726,Hausburgviertel,10249
6657,5100316,Carl-Schurz-Straße,13585
6789,5200527,Maulbeerallee,13591
6828,9100203,Plänterwald Ost,12435
6868,10200628,Neue Grottkauer Straße,12619
6988,1300733,Gesundbrunnen,13357
7056,8100310,Maybachufer,12047
7131,12400722,Hermsdorf West,13465
7184,7100102,Kalckreuthstraße,10777
7191,9501941,Friedrichshagener Straße,12555
7255,7400822,Lindenhofsiedlung,12103
7259,11300723,Bornitzstraße,10365
7276,2400521,Friedenstraße,10243
7288,3100103,Karower Chaussee,13125
7366,10200420,Gut Hellersdorf,12627
7412,9502043,Dammheide,12459
7490,1200517,Huttenkiez,10551
7570,9401431,Allende I,12559
7649,6200311,Alt-Lankwitz,12247
7682,7601341,Diedersdorfer Weg,12279
7704,7501133,Fritz-Werner-Straße,12277
7734,5300840,Nonnendammallee,13629
7759,11401034,Tierpark,10315
7874,10100316,Landsberger Tor,12681
7914,1100102,Großer Tiergarten,10963
8025,6100103,Markelstraße,12163
8084,12100205,Teichstraße,13403
8111,6200314,Kaiser-Wilhelm-Straße,12249
8283,1100309,Oranienburger Straße,10115
8288,1400940,Schillerpark,13407
8291,1100309,Oranienburger Straße,10178
8298,1400938,Kameruner Straße,13351
8348,1100104,Körnerstraße,10785
8351,1300732,Soldiner Straße,13359
8353,1200519,Emdener Straße,10553
8372,1100207,Leipziger Straße,10179
8379,1200623,Stephankiez,10557
8414,1100416,Arkonaplatz,10435
8469,1300836,Humboldthain Nordwest,10115
8545,11401136,Volkradstraße,10315
8652,3500933,Weißer See,13088
8664,1400940,Schillerpark,13349
8693,1300836,Humboldthain Nordwest,13355
8756,1300730,Drontheimer Straße,13359
8885,1300730,Drontheimer Straße,13409
8926,1400939,Glasgower Straße,13349
9037,12400723,Hermsdorf Ost/Waldsee,13465
9096,1401049,Schulstraße,13359
9610,1100415,Invalidenstraße,10119
9905,1100102,Großer Tiergarten,10117
10222,1100312,Heine-Viertel West,10117
12464,1100312,Heine-Viertel West,10178
14309,1100102,Großer Tiergarten,10623
14317,1200626,Thomasiusstraße,10559
14320,1200627,Zillesiedlung,10557
14348,1200626,Thomasiusstraße,10557
14481,1200521,Zwinglistraße,10553
14483,1100102,Großer Tiergarten,10787
14677,1200626,Thomasiusstraße,10551
14887,1200521,Zwinglistraße,10551
15040,1200626,Thomasiusstraße,10555
15249,1200517,Huttenkiez,13353
15439,1200623,Stephankiez,10551
15524,1200517,Huttenkiez,10555
15643,1200627,Zillesiedlung,10559
18295,1400941,Londoner Straße,13349
18298,1401045,Schwedenstraße,13359
18300,1300731,Koloniestraße,13359
18316,1401043,Antonstraße,13353
18317,1401044,Uferstraße,13347
18349,1400937,Afrikanische Straße,13349
18504,1400940,Schillerpark,13409
18512,1300731,Koloniestraße,13409
18648,1401045,Schwedenstraße,13347
18782,1400939,Glasgower Straße,13347
18867,1300733,Gesundbrunnen,13359
18876,1400937,Afrikanische Straße,13405
19307,1400941,Londoner Straße,13407
19331,1400938,Kameruner Straße,13349
19340,1401048,Leopoldplatz,13353
19576,1300835,Humboldthain Süd,13357
20487,1400940,Schillerpark,13347
23155,1400940,Schillerpark,13359
25282,2500830,Niederbarnimstraße,10245
25440,2400522,Richard-Sorge-Viertel,10243
25564,2300315,Lausitzer Platz,10997
25676,2500727,Forckenbeckplatz,10243
25762,2500831,Wismarplatz,10245
25888,2400522,Richard-Sorge-Viertel,10247
26026,2500727,Forckenbeckplatz,10249
26123,2500833,Boxhagener Platz,10243
26124,2500834,Revaler Straße,10243
26125,2100102,Mehringplatz,10963
26201,2400623,Andreasviertel,10179
26248,2100106,Wassertorplatz,10969
26278,2500835,Stralauer Kiez,10317
26885,2400520,Barnimkiez,10178
27796,2400520,Barnimkiez,10407
27866,2500830,Niederbarnimstraße,10243
28880,2500729,Pettenkofer Straße,10367
30279,2200208,Rathaus Yorckstraße,10965
30285,2200211,Chamissokiez,10961
30318,2300314,Oranienplatz,10997
30337,2300417,Reichenberger Straße West,10997
30356,2200209,Viktoriapark,10961
30404,2100104,Moritzplatz,10999
30415,2100105,Prinzenstraße,10999
30497,2300315,Lausitzer Platz,10999
30840,2300418,Reichenberger Straße Ost,10997
31362,2200210,Urbanstraße,10967
31473,2200208,Rathaus Yorckstraße,10961
31914,2300314,Oranienplatz,10969
33731,2300419,Wrangelkiez,12435
34953,2200213,Graefekiez Nord,10961
35035,2200207,Gleisdreieck,10783
36384,3601453,Alter Schlachthof,10407
36453,3400620,Schönholz,13156
36495,3701556,Kollwitzplatz,10119
36640,3601451,Anton-Saefkow-Park,10405
36685,3400827,Trelleborger Viertel,13189
36810,3601348,Senefelderstraße,10435
37271,3601243,Rodenbergstraße,10437
37273,3701555,Sredzkistraße,10435
37348,3601449,Michelangelostraße,10409
37371,3601244,Humannplatz,10409
37372,3701554,Teutoburger Platz,10437
37411,3601139,Norweger Viertel,13187
37465,3701555,Sredzkistraße,10405
37474,3601142,Falkplatz,10435
37603,3601139,Norweger Viertel,13189
37967,3601347,Helmholtzplatz,10435
37975,3601449,Michelangelostraße,10407
38205,3601348,Senefelderstraße,10405
38283,3601449,Michelangelostraße,10405
38533,3601347,Helmholtzplatz,10439
39076,3601142,Falkplatz,10439
40307,3601346,Gethsemanekirche,10439
42084,3701660,Bötzowstraße,10249
44491,3601449,Michelangelostraße,13088
44873,3601245,Ostseestraße,13086
45840,3500935,Behaimstraße,13088
46126,3300515,Blankenburger Süden,13129
46493,3501038,Hansastraße,13053
46682,3300514,Blankenburg,13125
47415,3300517,Märchenland,13089
51189,3300517,Märchenland,13129
52247,3300516,Heinersdorf,13129
52382,3300516,Heinersdorf,13086
56231,3300517,Märchenland,13051
56930,3300515,Blankenburger Süden,13051
60597,3200309,Eddastraße,13129
61513,3400725,Schlosspark,13129
61864,3400827,Trelleborger Viertel,10439
62024,3400831,Pankower Tor,13189
62128,3400620,Schönholz,13187
63155,3400721,Florakiez,13359
68375,3200204,Blankenfelde,13158
74764,3400831,Pankower Tor,13129
76746,3400724,Wolfshagener Straße,13127
80521,3200205,Uhlandstraße,13159
82242,4200310,Fürstenplatz,14050
82249,4200309,Neu Westend,14052
82256,4300622,Ernst-Reuter-Platz,10623
82257,4300414,Schloßstraße,14057
82266,4300621,Richard-Wagner-Straße,10585
82290,4300416,Amtsgerichtsplatz,10627
82319,4300414,Schloßstraße,14059
82328,4300622,Ernst-Reuter-Platz,10587
82339,4200205,Flatowallee,14053
82341,4300622,Ernst-Reuter-Platz,10625
82347,4200308,Branitzer Platz,14059
82348,4200311,Königin-Elisabeth-Straße,14055
82365,4501041,George-Grosz-Platz,10623
82386,4200310,Fürstenplatz,14052
82495,4501041,George-Grosz-Platz,10629
82522,4501044,Ludwigkirchplatz,10719
82545,4400835,Rüdesheimer Platz,14197
82581,4500936,Droysenstraße,10709
82610,4200309,Neu Westend,14050
82623,4200311,Königin-Elisabeth-Straße,14059
82625,4200311,Königin-Elisabeth-Straße,14057
82671,4300414,Schloßstraße,10585
82672,4200311,Königin-Elisabeth-Straße,14050
82719,4501042,Breitscheidplatz,10623
82745,4501045,Schaperstraße,10719
82982,4500938,Hochmeisterplatz,10707
82987,4300624,Savignyplatz,10623
83091,4501041,George-Grosz-Platz,10719
83119,4300621,Richard-Wagner-Straße,10587
83123,4300619,Alt-Lietzow,10585
83201,4400832,Breite Straße,14199
83223,4200207,Eichkamp,14193
83269,4300621,Richard-Wagner-Straße,10625
83382,4501042,Breitscheidplatz,10787
83402,4500936,Droysenstraße,10711
83418,4200308,Branitzer Platz,14052
83517,4300622,Ernst-Reuter-Platz,10585
83717,4100101,Jungfernheide/Plötzensee,13629
84313,4300414,Schloßstraße,10627
84590,4200311,Königin-Elisabeth-Straße,14052
84773,4200310,Fürstenplatz,14057
84888,4300518,Kaiserin-Augusta-Allee,10553
84927,4501040,Hindemithplatz,10707
85177,4200203,Olympiagelände,13597
85350,4100101,Jungfernheide/Plötzensee,13353
85933,4200205,Flatowallee,14052
88319,4300624,Savignyplatz,10629
88385,4200203,Olympiagelände,14055
89496,4300415,Lietzensee,14055
94272,4400729,Hundekehle,14195
94274,4400727,Flinsberger Platz,14193
94275,4501149,Nikolsburger Platz,10715
94291,4400725,Güterbahnhof Grunewald,10711
94292,4400834,Binger Straße,14197
94320,4400831,Messelpark,14195
94333,4400833,Schlangenbader Straße,14199
94346,4501151,Hildegardstraße,10715
94367,4400725,Güterbahnhof Grunewald,14055
94380,4500937,Halensee,10709
94409,4500939,Eisenzahnstraße,10713
94456,4400726,Bismarckallee,10711
94547,4501043,Preußenpark,10713
94555,4400832,Breite Straße,14195
94572,4501152,Prager Platz,10715
94575,4400725,Güterbahnhof Grunewald,14193
94597,4501045,Schaperstraße,10717
94729,4501151,Hildegardstraße,10713
94799,4501044,Ludwigkirchplatz,10707
94898,4500939,Eisenzahnstraße,10711
95086,4501147,Leon-Jessel-Platz,10715
95241,4501150,Wilhelmsaue,10713
95342,4400729,Hundekehle,14055
95410,4400830,Forckenbeckstraße,14197
95478,4400729,Hundekehle,14199
95904,4501045,Schaperstraße,10779
96316,4501044,Ludwigkirchplatz,10713
96497,4501147,Leon-Jessel-Platz,10719
97737,4501148,Brabanter Platz,14199
98045,4501044,Ludwigkirchplatz,10717
98440,4501150,Wilhelmsaue,10717
98907,4400834,Binger Straße,14195
98921,4501147,Leon-Jessel-Platz,10707
99211,4400834,Binger Straße,14199
100342,4400832,Breite Straße,14197
101158,4501148,Brabanter Platz,14197
103552,4501146,Barstraße,10707
103581,4400835,Rüdesheimer Platz,14195
104289,5100105,Amorbacher Weg,13583
104765,5100316,Carl-Schurz-Straße,13583
105261,5200633,Graetschelsteig,13595
105269,5100105,Amorbacher Weg,13587
105285,5100210,Germersheimer Platz,13583
105368,5200525,Pillnitzer Weg,13593
105412,5300840,Nonnendammallee,13627
105443,5100102,Am Forstacker,13587
105463,5200528,Weinmeisterhornweg,13595
105590,5100208,Im Spektefeld,13591
105603,5100101,Hakenfelde Nord,13589
106177,5200527,Maulbeerallee,13581
106406,5100314,Kurstraße,13597
106527,5100211,An der Kappe,13589
106594,5100210,Germersheimer Platz,13585
106965,5300838,Gartenfeld,13599
109307,5100210,Germersheimer Platz,13589
111829,5300841,Siemensdamm,13627
114538,5300736,Zitadellenweg,13597
118980,5100315,Ackerstraße,13583
119796,5200634,Börnicker Straße,13597
120924,5100317,Freiheit,14052
127282,5200526,Rudolf-Wissell-Großsiedlung,13593
127505,5200423,Magistratsweg,13581
128012,5200526,Rudolf-Wissell-Großsiedlung,13591
136867,5200629,Borkumer Straße,13597
137253,6300631,Goerzwerke,12207
137323,6400840,Fischtal,14169
137347,6300526,Zehlendorf Mitte,14169
137384,6100208,Bergstraße,12167
137516,6200315,Gallwitzallee,12247
137574,6200314,Kaiser-Wilhelm-Straße,12247
137618,6400840,Fischtal,14163
137942,6300527,Sundgauer Straße,14169
137969,6100210,Bismarckstraße,12157
138292,6400737,Nikolassee,14109
138320,6300526,Zehlendorf Mitte,14167
138536,6400843,Thielallee,14169
138558,6400843,Thielallee,12205
138577,6400841,Zehlendorf Eiche,14163
138582,6300526,Zehlendorf Mitte,14165
138771,6400839,Fischerhüttenstraße,14169
139647,6400842,Hüttenweg,14169
139924,6400842,Hüttenweg,14193
139971,6300525,Zehlendorf Süd,14167
141972,6400736,Düppel,14109
153235,6100204,Munsterdamm,12169
153239,6100208,Bergstraße,12169
153240,6100101,Fichtenberg,12163
153245,6100210,Bismarckstraße,12169
153256,6100206,Stadtpark,12247
153337,6300629,Botanischer Garten,14195
153385,6200313,Lankwitz Kirche,12249
153391,6200423,Schütte-Lanz-Straße,12279
153442,6300632,Schweizer Viertel,12207
153464,6200314,Kaiser-Wilhelm-Straße,12209
153471,6100209,Feuerbachstraße,12157
153598,6100205,Südende,12169
153638,6300629,Botanischer Garten,14169
153640,6200423,Schütte-Lanz-Straße,12249
153684,6200418,Landweg,12207
153824,6200317,Lankwitz Süd,12209
153831,6300633,Augustaplatz,12205
153843,6200419,Thermometersiedlung,12207
153859,6100209,Feuerbachstraße,12161
153880,6300629,Botanischer Garten,12165
153963,6100103,Markelstraße,12161
154055,6300629,Botanischer Garten,12205
154114,6100209,Feuerbachstraße,12169
154333,6100101,Fichtenberg,14195
154349,6200423,Schütte-Lanz-Straße,12207
154405,6200311,Alt-Lankwitz,12249
154505,6200312,Komponistenviertel Lankwitz,12207
154572,6400844,Dahlem,14199
154666,6200421,Königsberger Straße,12247
154695,6200312,Komponistenviertel Lankwitz,12167
156311,6100102,Schloßstraße,12169
156626,6300634,Lichterfelde West,14167
156892,6100103,Markelstraße,14197
157092,6200317,Lankwitz Süd,12279
157419,6100207,Mittelstraße,12203
158824,6200316,Belßstraße,12247
162937,6400843,Thielallee,12203
164666,6200317,Lankwitz Süd,12277
169167,6100210,Bismarckstraße,12163
173458,6100208,Bergstraße,12165
179231,6100206,Stadtpark,12169
183238,7400823,Wittekindstraße,12103
183246,7400927,Rathaus Tempelhof,12109
183250,7200409,Belziger Straße,10827
183253,7100101,Wittenbergplatz,10789
183254,7300516,Odenwaldstraße,12161
183257,7200308,Volkspark (Rudolph-Wilde-Park),10827
183263,7400721,Paradestraße,12101
183272,7300516,Odenwaldstraße,14197
183276,7400825,Friedrich-Karl-Straße,12105
183294,7200307,Bayerischer Platz,10779
183320,7100103,Frobenstraße,10781
183324,7200414,Hohenfriedbergstraße,10829
183351,7300618,Ceciliengärten,12161
183381,7300515,Taunusstraße,14197
183385,7400928,Germaniagarten,12099
183398,7100101,Wittenbergplatz,10787
183446,7100206,Großgörschenstraße,10827
183452,7100204,Barbarossaplatz,10779
183455,7200411,Julius-Leber-Brücke,10827
183494,7400823,Wittekindstraße,12105
183499,7100204,Barbarossaplatz,10823
183503,7400721,Paradestraße,10965
183557,7100205,Alvenslebenstraße,10785
183581,7300516,Odenwaldstraße,12163
183583,7100206,Großgörschenstraße,10783
183730,7300517,Perelsplatz,10827
183776,7100103,Frobenstraße,10787
183803,7400825,Friedrich-Karl-Straße,12099
183889,7400824,Bosepark,12099
183902,7200409,Belziger Straße,10825
183948,7300517,Perelsplatz,12161
184007,7300618,Ceciliengärten,10827
184278,7100101,Wittenbergplatz,10779
184285,7100102,Kalckreuthstraße,10785
184395,7100103,Frobenstraße,10785
184416,7400720,Gontermannstraße,10965
185019,7400822,Lindenhofsiedlung,10829
185180,7200308,Volkspark (Rudolph-Wilde-Park),10823
185616,7100205,Alvenslebenstraße,10965
186721,7400928,Germaniagarten,12347
186874,7100103,Frobenstraße,10777
188322,7100204,Barbarossaplatz,10783
188786,7200413,Cheruskerstraße,12101
189460,7400822,Lindenhofsiedlung,12157
190436,7400720,Gontermannstraße,12099
196323,7501135,Birnhornweg,12277
196510,7601340,Tirschenreuther Ring Ost,12279
196572,7601236,Marienfelder Allee Nordwest,12249
196682,7501031,Eisenacher Straße,12107
196691,7501032,Imbrosweg,12107
196959,7501030,Machonstraße,12107
197110,7400721,Paradestraße,12099
197195,7501030,Machonstraße,12109
197680,7601237,Kirchstraße,12279
197841,7601238,Marienfelde Nordost,12107
198456,7501135,Birnhornweg,12305
206626,7601545,Nahariyastraße,12305
206888,7601547,Horstwalder Straße,12309
207675,7601442,Kettinger Straße,12107
208200,7601442,Kettinger Straße,12277
210262,7601546,Franziusweg,12277
217230,8100418,Hertzbergplatz,12045
217235,8200832,Buckow Mitte,12349
217236,8100521,Schulenburgpark,12055
217253,8100103,Schillerpromenade Süd,12049
217256,8100101,Hasenheide,12049
217275,8301036,Gropiusstadt Mitte,12351
217316,8100311,Reuterplatz,12047
217321,8100314,Donaustraße,12045
217329,8100419,Treptower Straße Nord,12059
217334,8100206,Flughafenstraße,12049
217348,8100209,Glasower Straße,12057
217379,8401139,Vogelviertel Süd,12359
217399,8200833,Buckow Ost,12349
217447,8100208,Körnerpark,12049
217472,8100209,Glasower Straße,12347
217542,8100312,Weichselplatz,12047
217558,8100207,Rollberg,12049
217621,8200726,Hufeisensiedlung,12359
217643,8100415,Ganghoferstraße,12059
217709,8200730,Handwerker-Siedlung,12351
217855,8100310,Maybachufer,10967
217894,8100415,Ganghoferstraße,12055
217907,8200622,Jahnstraße,12051
217982,8100521,Schulenburgpark,12059
218011,8300934,Gropiusstadt Nord-West,12351
218107,8200622,Jahnstraße,12359
218109,8100311,Reuterplatz,10967
218226,8100415,Ganghoferstraße,12045
218271,8100314,Donaustraße,12047
218292,8100102,Schillerpromenade Nord,10965
218337,8100209,Glasower Straße,12055
218369,8100419,Treptower Straße Nord,12045
218379,8100208,Körnerpark,12055
218668,8100314,Donaustraße,10967
218929,8100101,Hasenheide,10965
219097,8100104,Wartheplatz,12049
219289,8100417,Braunschweiger Straße,12059
219304,8100520,Weiße Siedlung,12059
219723,8100208,Körnerpark,12043
220923,8100419,Treptower Straße Nord,12057
224228,8200728,Ortolanweg,12359
224229,8200727,Parchimer Allee Süd,12359
224237,8200623,Park am Buschkrug,12347
224278,8200730,Handwerker-Siedlung,12349
224343,8200622,Jahnstraße,12057
224681,8200726,Hufeisensiedlung,12347
224879,8200730,Handwerker-Siedlung,12359
225467,8200727,Parchimer Allee Süd,12349
225861,8200726,Hufeisensiedlung,12349
228854,8200624,Tempelhofer Weg,12099
229430,8300935,Gropiusstadt Süd-West,12351
229518,8401138,Goldhähnchenweg,12359
229572,8300934,Gropiusstadt Nord-West,12353
229616,8200831,Buckow West,12107
229658,8200833,Buckow Ost,12351
229758,8401138,Goldhähnchenweg,12351
230297,8301036,Gropiusstadt Mitte,12357
230339,8200832,Buckow Mitte,12353
237107,8401241,Blumenviertel,12359
237291,8401242,Zittauer Straße,12353
237301,8301037,Gropiusstadt Süd-Ost,12357
237306,8401241,Blumenviertel,12353
237492,8401242,Zittauer Straße,12357
247450,9100305,Baumschulenweg Ost,12437
248251,9301126,Grünau,12526
248654,9200614,Oberspree,12439
248685,9100202,Plänterwald West,12435
250211,9100409,Landschaftspark Adlershof,12439
256676,9200716,Dörpfeldstraße West,12439
260809,9300920,Dorf Altglienicke,12355
261597,9100101,Alt-Treptow,12059
261654,9200613,Bahnhof Schöneweide,12437
262566,9100407,Johannisthal West,12437
263830,9200613,Bahnhof Schöneweide,12487
264572,9100304,Baumschulenweg West,12487
270484,9301228,Schmöckwitz/Rauchfangswerder,15537
272342,9401433,Allende II,12559
272569,9200818,Spindlersfeld,12557
273044,9200819,Köllnische Vorstadt,12555
273073,9501941,Friedrichshagener Straße,12587
273349,9401534,Altstadt Köpenick,12559
273661,9501838,Rahnsdorf,15566
274521,9502042,Mittelheide,12623
275812,9501939,Bahnhofstraße,12459
276638,9401431,Allende I,12555
277445,9501838,Rahnsdorf,15569
293337,10200630,Cecilienplatz,12621
293475,10100315,Bärenstein,12683
293652,10100101,Marzahn West,12689
294229,10200526,Boulevard Kastanienallee,12627
294240,10100208,Bürgerpark,12687
294274,10100206,Wuhletalstraße,12687
294305,10200419,Havelländer Ring,12629
294317,10400835,Kaulsdorf Nord,12623
294369,10400835,Kaulsdorf Nord,12619
294725,10400939,Alt-Mahlsdorf,12621
294957,10400940,Elsensee,12621
295350,10100209,Lea-Grundig-Straße,12685
297995,10100315,Bärenstein,12681
298278,10100205,Gewerbegebiet Bitterfelder Straße,12689
298922,10100205,Gewerbegebiet Bitterfelder Straße,13057
302619,10100205,Gewerbegebiet Bitterfelder Straße,13053
308195,10200419,Havelländer Ring,12627
308608,10200417,Zossener Straße,12627
311662,10400835,Kaulsdorf Nord,12627
311833,10200627,Am Kienberg,12627
312584,10200525,Schleipfuhl,12621
315979,10300734,Biesdorf Süd,12621
316826,10200627,Am Kienberg,12629
318900,10400837,Kaulsdorf Süd,12555
322200,10100104,Golliner Straße,12689
331183,11300619,Rudolf-Seiffert-Park,10369
331236,11100307,Zingster Straße Ost,13051
331311,11400928,Nöldnerplatz,10319
331386,11300724,Roedeliusplatz,10365
331858,11100205,Wartenberg Süd,13059
332199,11100203,Falkenberg Ost,13057
332413,11200512,Orankesee,13055
333705,11100307,Zingster Straße Ost,13053
338902,11200411,Hauptstraße,12681
340693,11200515,Weiße Taube,12681
341275,11401137,Erieseering,10315
341332,11300722,Rathaus Lichtenberg,10369
341346,11300619,Rudolf-Seiffert-Park,10367
341433,11401034,Tierpark,10319
341594,11300617,Fennpfuhlpark,10369
341600,11400931,Massower Straße,10317
341707,11501238,Rummelsburg,10318
343001,11300617,Fennpfuhlpark,10367
343474,11300826,Frankfurter Allee Süd,10317
345271,11401032,Rosenfelder Ring,10365
347423,11501341,Karlshorst Süd,10317
352177,12200307,Reinickes Hof,13403
352179,12200414,TXL,13629
352188,12100206,Humboldtstraße,13407
352227,12601236,Schorfheidestraße,13435
352230,12601032,Rollbergesiedlung,13469
352314,12601235,Dannenwalder Weg,13439
352325,12200309,Scharnweberstraße,13403
352411,12100204,Schäfersee,13407
352420,12601133,Treuenbrietzener Straße,13435
352519,12100206,Humboldtstraße,13403
352634,12601134,Märkisches Zentrum,13439
352737,12601031,Lübarser Straße,13435
352927,12200412,Waldidyll/Flughafensee,13507
353228,12200310,Klixstraße,13405
353268,12100204,Schäfersee,13409
353377,12100205,Teichstraße,13409
353443,12100103,Breitkopfbecken,13407
353660,12100102,Hausotterplatz,13156
353790,12100101,Letteplatz,13407
353990,12100204,Schäfersee,13403
354066,12100205,Teichstraße,13437
354596,12100204,Schäfersee,13405
354862,12100205,Teichstraße,13405
355132,12500928,Waidmannslust,13509
356424,12500926,Wittenau Mitte,13435
360570,12200310,Klixstraße,13509
364242,12200411,Schumacher-Quartier,13405
364259,12200414,TXL,13405
364346,12200412,Waldidyll/Flughafensee,13599
364722,12400619,Heiligensee,13505
364862,12200414,TXL,13599
365106,12400619,Heiligensee,13507
368919,12200515,Alt-Tegel,13505
383167,12601031,Lübarser Straße,13437
383169,12500927,Wittenau Nord,13509
383223,12200412,Waldidyll/Flughafensee,13403
383430,12200515,Alt-Tegel,13509
383724,12500825,Borsigwalde,13403
384412,12500927,Wittenau Nord,13435
384667,12500824,Ziekowstraße/Freie Scholle,13507
393885,11501340,Karlshorst Nord,12459
396233,1100102,Großer Tiergarten,10555
396875,12400619,Heiligensee,13599
397620,1200517,Huttenkiez,13627
